USE `Singer-Sargent-Archive`;

INSERT INTO Roles
VALUES (1, 'Archivist'),
       (2, 'Curator'),
       (3, 'Director'),
       (4, 'Ticket Worker'),
       (5, 'Janitorial Staff'),
       (6, 'Tour Guide');

INSERT INTO MuseumWorker
VALUES (3324, 'Veronica-Elizabeth', NULL, 'Hawthorne', 'v.hawthorne@metmuseum.org', '(934)-333-2984', 1),
    (3326, 'Watney', 'Alex', 'Busch', 'w.busch@metmuseum.org', '(847)-049-1192', 2),
    (3327, 'Marshal', NULL, 'Jacobson', 'm.jacobson@metmuseum.org', '(209)-849-2811', 3),
    (3328, 'Irmtraud', 'Janette', 'Steckel', 'janett.irmtra.steckel417@metmuseum.org', '+49 (0) 9414 364638', 1),
	(3329, 'Klaus-Michael', NULL, 'Heinz', 'heinz.klaus-michael@metmuseum.org', '+49(0)8137109787', 3),
	(3330, 'Karl Heinz', 'Hans-Jörg', 'Hendriks', 'karl .hans.hendrik88@metmuseum.org', '0280276514', 1),
	(3331, 'Jacek', NULL, 'Lachmann', 'ja.lachmann@metmuseum.org', '04327866867', 1),
	(3332, 'Katharine', 'Nadeschda', 'Girschner', 'nadeschd.kath.girschner954@metmuseum.org', '0977162332', 3),
	(3333, 'Kevin', NULL, 'Bohnbach', 'kevi.bohnbac619@metmuseum.org', '07650338642', 6),
	(3334, 'Emil', NULL, 'Löffler', 'löffler@metmuseum.org', '(03412) 08339', 5),
	(3335, 'Willibald', 'Wieland', 'Gierschner', 'giersch.willi@metmuseum.org', '02960 36670', 5),
	(3336, 'Sophie', 'Annelie', 'Speer', 'speer.annelie@metmuseum.org', '03315399228', 1),
	(3337, 'George', 'Siegward', 'Jessel', 'jessel.siegwa.george@metmuseum.org', '(08540) 73554', 6),
	(3338, 'Tilly', 'Isolde', 'Wohlgemut', 'isol.wohlg@metmuseum.org', '09467 86947', 5),
	(3339, 'Edward', 'Jobst', 'Losekann', 'jobst.edwa.losekan961@metmuseum.org', '+49(0)1950 43292', 1),
	(3340, 'Theresa', 'Amalie', 'Krebs', 'krebs.the.amalie760@metmuseum.org', '05650751090', 3),
	(3341, 'Caterina', 'Cathrin', 'Junken', 'cate.junke.cathri@metmuseum.org', '+49(0)0039692375', 2),
	(3342, 'Bastian', 'Lukas', 'Thanel', 'bastian.lukas.than512@metmuseum.org', '(07491) 591625', 3),
	(3343, 'Krystyna', 'Louise', 'Huhn', 'krystyna.louis.huhn@metmuseum.org', '+49(0)0050931729', 1),
	(3344, 'Antonie', 'Birgitt', 'Gehringer', 'bir.antonie@metmuseum.org', '(03158) 58776', 1),
	(3345, 'Sigurd', NULL, 'Kallert', 'sigurd.kallert620@metmuseum.org', '(02691) 403608', 6),
	(3346, 'Karl-Josef', NULL, 'Süßebier', 'karl-josef.süßebie@metmuseum.org', '+49(0)7869519514', 3),
	(3347, 'Ullrich', NULL, 'Liebelt', 'lie.ullric483@metmuseum.org', '+49(0) 444900679', 3),
	(3348, 'Jo', 'Irmtraud', 'Weinhage', 'jo.weinhag.irmtraud202@metmuseum.org', '07698 92218', 3),
	(3349, 'Nancy', 'Marianne', 'Ritter', 'nanc.marianne.ritter@metmuseum.org', '+49(0) 324420333', 2),
	(3350, 'Fabienne', 'Sinaida', 'Schaaf', 'fabi.schaaf@metmuseum.org', '(06792) 297426', 1),
	(3351, 'Leyla', 'Klaudia', 'Heidrich', 'kla.heidrich@metmuseum.org', '(00748) 402345', 5),
	(3352, 'Eckehard', NULL, 'Pechel', 'ecke.peche@metmuseum.org', '+49(0)5071 89655', 5),
	(3353, 'Maria-Luise', 'Evelyne', 'Hornich', 'evelyne.hornich.maria-lu@metmuseum.org', '07634 772330', 4),
	(3354, 'Annemie', 'Gudula', 'Schomber', 'annemie.gudu@metmuseum.org', '06100 84098', 3),
	(3355, 'Vinko', 'Sami', 'Bonbach', 'sam.bonbach.vinko@metmuseum.org', '+49 (0) 2506 102944', 3),
	(3356, 'Rosi', 'Paula', 'Mälzer', 'mälz.paula.ros@metmuseum.org', '06677 648802', 2),
	(3357, 'Arzu', 'Adriane', 'Reinhardt', 'adriane.arzu.reinhardt@metmuseum.org', '+49(0)4500 59476', 1),
	(3358, 'Aribert', 'Daniel', 'Sölzer', 'sölze.daniel@metmuseum.org', '(05256) 91834', 1),
	(3359, 'Heinz-Jürgen', NULL, 'Girschner', 'heinz-jürgen@metmuseum.org', '+49(0)9187 44055', 4),
	(3360, 'Mohammad', 'Birger', 'Schleich', 'mohammad.schleic.birger@metmuseum.org', '07796 132846', 1),
	(3361, 'Notburga', NULL, 'Lindner', 'lindner@metmuseum.org', '(01291) 63279', 1);

INSERT INTO MuseumBranch
VALUES (432110, 'The Metropolitan Museum of Art', 'Whitney', NULL, 'Tannhauser', '(443)-183-0293', 'tannhauser.whitney@gmail.com','1000 5th Ave', 'New York', '10028'),
    (482743, 'The Museum of Fine Art', 'Pierre', 'Valjean', 'Terjanian', '(938)-338-0119', 'p.terjanian@outlook.com','465 Huntington Ave', 'Boston', '02115'),
    (443755, 'The Lesley James Art Museum', 'Deborah', NULL, 'Martin', '(0114) 496 0020', 'deb.martin@outlook.com', '418 Mathew River', 'West Frances', 'ME4 2TN'),
    (492860, 'The Dr Adam Ryan Galleries', 'Nicola', 'Charlene', 'Wall', '+442074960906', 'charlen.nicola.wa@hotmail.com', 'Flat 59S Guy Valley', 'Johnsonmouth', 'M7 5UL'),
    (481322, 'The Rita Allen Museum of Fine Art', 'Christopher', NULL, 'Martin', '(028)9018289', 'christopher.mart@gmail.com', '46 Catherine Row', 'West Alan', 'G60 2AF'),
    (480244, 'The Mr Brian Knight Museum of Fine Art', 'Barry', NULL, 'Black', '01632 960757', 'bl.bar877@gmail.com', '96 Sylvia Valleys', 'Port Francisland', 'B4 8GF'),
    (411616, 'The East Lorrainefort Galleries', 'Terence', 'Malcolm', 'Henderson', '+4420 74960079', 'malco.terence@outlook.com', '81 Clifford Village', 'East Lorrainefort', 'CA1P 2WL'),
    (400024, 'The New Russell Museum of Fine Art', 'Jasmine', NULL, 'Smith', '+441154960299', 'smith.jas@hotmail.co.uk', 'Flat 62h Green Station', 'New Russell', 'E4 3XQ'),
    (404681, 'The North Leonmouth Art Museum', 'Rachel', 'Abbie', 'Johnson', '+44(0)289018066', 'abbie.johnson.rachel@yahoo.co.uk', '42 Lawrence Trafficway', 'North Leonmouth', 'E7K 0HG'),
    (484166, 'The North Colinburgh Art Museum', 'Benjamin', 'Alex', 'Taylor', '+44(0)151 4960421', 'benjamin.al.tayl@hotmail.com', '67 Cooper Land', 'North Colinburgh', 'W5 0JJ'),
    (474015, 'South Lynnebury''s Collection', 'Heather', NULL, 'Dyer', '+44(0)289018088', 'heather.dyer489@yahoo.co.uk', '31 Dean Oval', 'South Lynnebury', 'SA1P 1BQ'),
    (422135, 'The Dr Abigail Mann Institute for the Arts', 'Michelle', NULL, 'Warner', '+44(0)8081570703', 'mich@hotmail.com', 'Studio 53m Hughes Flats', 'Evansland', 'LE49 7TX');

INSERT INTO Galleries
VALUES (324, 432110, 'The Maria V. Hyacinth Gallery', 'The American Wing', 40),
    (472, 432110, 'The R. E. Carnegie Gallery', 'Modern Art', 15),
    (992, 482743, 'The Ruth and Carl J. Shapiro Gallery', 'Modern American Art', 23),
    (419, 432110, 'The Hayley Hutchinson Gallery', 'The Sandra Oliver Wing', 97),
	(177, 432110, 'The Julian James Gallery', 'The Michelle Campbell Wing', 83),
	(986, 432110, 'The Mr Trevor Harding Gallery', 'The Sandra Oliver Wing', 85),
	(100, 482743, 'The Gillian Price Gallery', 'The Glenn Miller Wing', 59),
	(323, 482743, 'The Geraldine Ryan Gallery', 'The Mr Dale White Wing', 59),
	(576, 482743, 'The Mark Green Gallery', 'The Mr Dale White Wing', 55),
	(804, 482743, 'The Marion & Josephine Chadwick Gallery', 'The Glenn Miller Wing', 98),
	(216, 482743, 'The Lawrence & Rachel Norris Gallery', 'The Mr Dale White Wing', 62),
	(609, 443755, 'The Elizabeth & Oliver Allen Gallery', 'The Reece Parkinson Wing', 69),
	(159, 443755, 'The Eileen & Lynda Jackson Gallery', 'The Reece Parkinson Wing', 75),
	(874, 443755, 'The Clive Davis Gallery', 'The Reece Parkinson Wing', 67),
	(755, 443755, 'The Joanna & Fiona Hill Gallery', 'The Mr Bradley Davies Wing', 69),
	(970, 492860, 'The Shane & Molly Holmes Gallery', 'The Dr Roy Mann Wing', 60),
	(373, 492860, 'The Mr Jacob Bartlett Gallery', 'The Dr Jamie Price Wing', 82),
	(535, 492860, 'The Marcus & Kelly Matthews Gallery', 'The Dr Roy Mann Wing', 62),
	(635, 492860, 'The Mr Mohammad Oliver Gallery', 'The Dr Roy Mann Wing', 64),
	(793, 481322, 'The Alice & Joseph Brown Gallery', 'The Dr Justin Potter Wing', 90),
	(584, 481322, 'The Terry Martin Gallery', 'The Dale Dodd Wing', 75),
	(433, 481322, 'The Shannon Gordon Gallery', 'The Dale Dodd Wing', 80),
	(754, 481322, 'The Diana & Francis Payne Gallery', 'The Dale Dodd Wing', 91),
	(447, 481322, 'The Lesley Woodward Gallery', 'The Dr Justin Potter Wing', 52),
	(347, 480244, 'The Abdul & Rosie Wade Gallery', 'The Neil Wright-Bryan Wing', 85),
	(474, 480244, 'The Mr George Swift Gallery', 'The Neil Wright-Bryan Wing', 94),
	(417, 480244, 'The Daniel Adams Gallery', 'The Neil Wright-Bryan Wing', 51),
	(601, 480244, 'The Barry Wood Gallery', 'The Claire Parkes-Taylor Wing', 55),
	(716, 411616, 'The Adam & Sian Thomas Gallery', 'The Joshua Clayton-Gould Wing', 76),
	(660, 411616, 'The Damien Price Gallery', 'The Joshua Clayton-Gould Wing', 92),
	(347, 411616, 'The Rebecca Jones Gallery', 'The Dr Leonard White Wing', 99),
	(259, 411616, 'The Kim & Justin Pearson Gallery', 'The Joshua Clayton-Gould Wing', 57),
	(403, 400024, 'The Frank & Douglas King Gallery', 'The Ms Barbara Thompson Wing', 61),
	(482, 400024, 'The Matthew Begum Gallery', 'The Ms Barbara Thompson Wing', 83),
	(794, 400024, 'The Richard Harrison Gallery', 'The Ms Barbara Thompson Wing', 50),
	(869, 400024, 'The Clifford Roberts Gallery', 'The Mr Luke Green Wing', 96),
	(819, 400024, 'The Dr Ann Gallagher Gallery', 'The Mr Luke Green Wing', 94),
	(245, 404681, 'The Terence & Lindsey Chapman Gallery', 'The Zoe Day Wing', 81),
	(471, 404681, 'The Clifford & Richard Patel Gallery', 'The Paula Daniels Wing', 98),
	(874, 404681, 'The Ms Sandra Hughes Gallery', 'The Paula Daniels Wing', 73),
	(758, 404681, 'The Rebecca Wright Gallery', 'The Paula Daniels Wing', 99),
	(198, 484166, 'The Hayley & Joanna Turner Gallery', 'The Toby Lloyd Wing', 52),
	(879, 484166, 'The Stephen & Reece Mason Gallery', 'The Toby Lloyd Wing', 90),
	(359, 484166, 'The Yvonne Nicholson Gallery', 'The Mr Shane Hayes Wing', 62),
	(822, 484166, 'The Declan & Pamela White Gallery', 'The Toby Lloyd Wing', 84),
	(404, 474015, 'The Dennis & Elizabeth Bell Gallery', 'The Deborah Wood Wing', 84),
	(667, 474015, 'The Alison & Charlie Chambers Gallery', 'The Deborah Wood Wing', 56),
	(375, 474015, 'The Guy & Lorraine Elliott Gallery', 'The Deborah Wood Wing', 57),
	(605, 474015, 'The Aaron Matthews Gallery', 'The Dr Russell Johnson Wing', 59),
	(687, 474015, 'The Abigail & Josephine Davies Gallery', 'The Dr Russell Johnson Wing', 92),
	(766, 422135, 'The Christian & Kirsty Bailey Gallery', 'The Mr Jonathan Walker Wing', 72),
	(392, 422135, 'The Nicholas & Conor Horton Gallery', 'The Maurice White-Glover Wing', 66),
	(707, 422135, 'The Bradley Nicholson Gallery', 'The Maurice White-Glover Wing', 75);