USE `Singer-Sargent-Archive`;

INSERT INTO Roles
VALUES (1, 'Archivist'),
       (2, 'Curator'),
       (3, 'Director'),
       (4, 'Ticket Worker'),
       (5, 'Janitorial Staff'),
       (6, 'Tour Guide');

INSERT INTO MuseumWorker
VALUES (3324, 'Veronica-Elizabeth', NULL, 'Hawthorne', 'v.hawthorne@metmuseum.org', '(934)-333-2984', 1),
    (3326, 'Watney', 'Alex', 'Busch', 'w.busch@metmuseum.org', '(847)-049-1192', 2),
    (3327, 'Marshal', NULL, 'Jacobson', 'm.jacobson@metmuseum.org', '(209)-849-2811', 3),
    (3328, 'Irmtraud', 'Janette', 'Steckel', 'janett.irmtra.steckel417@metmuseum.org', '+49 (0) 9414 364638', 1),
	(3329, 'Klaus-Michael', NULL, 'Heinz', 'heinz.klaus-michael@metmuseum.org', '+49(0)8137109787', 3),
	(3330, 'Karl Heinz', 'Hans-Jörg', 'Hendriks', 'karl .hans.hendrik88@metmuseum.org', '0280276514', 1),
	(3331, 'Jacek', NULL, 'Lachmann', 'ja.lachmann@metmuseum.org', '04327866867', 1),
	(3332, 'Katharine', 'Nadeschda', 'Girschner', 'nadeschd.kath.girschner954@metmuseum.org', '0977162332', 3),
	(3333, 'Kevin', NULL, 'Bohnbach', 'kevi.bohnbac619@metmuseum.org', '07650338642', 6),
	(3334, 'Emil', NULL, 'Löffler', 'löffler@metmuseum.org', '(03412) 08339', 5),
	(3335, 'Willibald', 'Wieland', 'Gierschner', 'giersch.willi@metmuseum.org', '02960 36670', 5),
	(3336, 'Sophie', 'Annelie', 'Speer', 'speer.annelie@metmuseum.org', '03315399228', 1),
	(3337, 'George', 'Siegward', 'Jessel', 'jessel.siegwa.george@metmuseum.org', '(08540) 73554', 6),
	(3338, 'Tilly', 'Isolde', 'Wohlgemut', 'isol.wohlg@metmuseum.org', '09467 86947', 5),
	(3339, 'Edward', 'Jobst', 'Losekann', 'jobst.edwa.losekan961@metmuseum.org', '+49(0)1950 43292', 1),
	(3340, 'Theresa', 'Amalie', 'Krebs', 'krebs.the.amalie760@metmuseum.org', '05650751090', 3),
	(3341, 'Caterina', 'Cathrin', 'Junken', 'cate.junke.cathri@metmuseum.org', '+49(0)0039692375', 2),
	(3342, 'Bastian', 'Lukas', 'Thanel', 'bastian.lukas.than512@metmuseum.org', '(07491) 591625', 3),
	(3343, 'Krystyna', 'Louise', 'Huhn', 'krystyna.louis.huhn@metmuseum.org', '+49(0)0050931729', 1),
	(3344, 'Antonie', 'Birgitt', 'Gehringer', 'bir.antonie@metmuseum.org', '(03158) 58776', 1),
	(3345, 'Sigurd', NULL, 'Kallert', 'sigurd.kallert620@metmuseum.org', '(02691) 403608', 6),
	(3346, 'Karl-Josef', NULL, 'Süßebier', 'karl-josef.süßebie@metmuseum.org', '+49(0)7869519514', 3),
	(3347, 'Ullrich', NULL, 'Liebelt', 'lie.ullric483@metmuseum.org', '+49(0) 444900679', 3),
	(3348, 'Jo', 'Irmtraud', 'Weinhage', 'jo.weinhag.irmtraud202@metmuseum.org', '07698 92218', 3),
	(3349, 'Nancy', 'Marianne', 'Ritter', 'nanc.marianne.ritter@metmuseum.org', '+49(0) 324420333', 2),
	(3350, 'Fabienne', 'Sinaida', 'Schaaf', 'fabi.schaaf@metmuseum.org', '(06792) 297426', 1),
	(3351, 'Leyla', 'Klaudia', 'Heidrich', 'kla.heidrich@metmuseum.org', '(00748) 402345', 5),
	(3352, 'Eckehard', NULL, 'Pechel', 'ecke.peche@metmuseum.org', '+49(0)5071 89655', 5),
	(3353, 'Maria-Luise', 'Evelyne', 'Hornich', 'evelyne.hornich.maria-lu@metmuseum.org', '07634 772330', 4),
	(3354, 'Annemie', 'Gudula', 'Schomber', 'annemie.gudu@metmuseum.org', '06100 84098', 3),
	(3355, 'Vinko', 'Sami', 'Bonbach', 'sam.bonbach.vinko@metmuseum.org', '+49 (0) 2506 102944', 3),
	(3356, 'Rosi', 'Paula', 'Mälzer', 'mälz.paula.ros@metmuseum.org', '06677 648802', 2),
	(3357, 'Arzu', 'Adriane', 'Reinhardt', 'adriane.arzu.reinhardt@metmuseum.org', '+49(0)4500 59476', 1),
	(3358, 'Aribert', 'Daniel', 'Sölzer', 'sölze.daniel@metmuseum.org', '(05256) 91834', 1),
	(3359, 'Heinz-Jürgen', NULL, 'Girschner', 'heinz-jürgen@metmuseum.org', '+49(0)9187 44055', 4),
	(3360, 'Mohammad', 'Birger', 'Schleich', 'mohammad.schleic.birger@metmuseum.org', '07796 132846', 1),
	(3361, 'Notburga', NULL, 'Lindner', 'lindner@metmuseum.org', '(01291) 63279', 1);

INSERT INTO MuseumBranch
VALUES (432110, 'The Metropolitan Museum of Art', 'Whitney', NULL, 'Tannhauser', '(443)-183-0293', 'tannhauser.whitney@gmail.com','1000 5th Ave', 'New York', '10028'),
    (482743, 'The Museum of Fine Art', 'Pierre', 'Valjean', 'Terjanian', '(938)-338-0119', 'p.terjanian@outlook.com','465 Huntington Ave', 'Boston', '02115'),
    (443755, 'The Lesley James Art Museum', 'Deborah', NULL, 'Martin', '(0114) 496 0020', 'deb.martin@outlook.com', '418 Mathew River', 'West Frances', 'ME4 2TN'),
    (492860, 'The Dr Adam Ryan Galleries', 'Nicola', 'Charlene', 'Wall', '+442074960906', 'charlen.nicola.wa@hotmail.com', 'Flat 59S Guy Valley', 'Johnsonmouth', 'M7 5UL'),
    (481322, 'The Rita Allen Museum of Fine Art', 'Christopher', NULL, 'Martin', '(028)9018289', 'christopher.mart@gmail.com', '46 Catherine Row', 'West Alan', 'G60 2AF'),
    (480244, 'The Mr Brian Knight Museum of Fine Art', 'Barry', NULL, 'Black', '01632 960757', 'bl.bar877@gmail.com', '96 Sylvia Valleys', 'Port Francisland', 'B4 8GF'),
    (411616, 'The East Lorrainefort Galleries', 'Terence', 'Malcolm', 'Henderson', '+4420 74960079', 'malco.terence@outlook.com', '81 Clifford Village', 'East Lorrainefort', 'CA1P 2WL'),
    (400024, 'The New Russell Museum of Fine Art', 'Jasmine', NULL, 'Smith', '+441154960299', 'smith.jas@hotmail.co.uk', 'Flat 62h Green Station', 'New Russell', 'E4 3XQ'),
    (404681, 'The North Leonmouth Art Museum', 'Rachel', 'Abbie', 'Johnson', '+44(0)289018066', 'abbie.johnson.rachel@yahoo.co.uk', '42 Lawrence Trafficway', 'North Leonmouth', 'E7K 0HG'),
    (484166, 'The North Colinburgh Art Museum', 'Benjamin', 'Alex', 'Taylor', '+44(0)151 4960421', 'benjamin.al.tayl@hotmail.com', '67 Cooper Land', 'North Colinburgh', 'W5 0JJ'),
    (474015, 'South Lynnebury''s Collection', 'Heather', NULL, 'Dyer', '+44(0)289018088', 'heather.dyer489@yahoo.co.uk', '31 Dean Oval', 'South Lynnebury', 'SA1P 1BQ'),
    (422135, 'The Dr Abigail Mann Institute for the Arts', 'Michelle', NULL, 'Warner', '+44(0)8081570703', 'mich@hotmail.com', 'Studio 53m Hughes Flats', 'Evansland', 'LE49 7TX');

INSERT INTO Galleries
VALUES (324, 432110, 'The Maria V. Hyacinth Gallery', 'The American Wing', 40),
    (472, 432110, 'The R. E. Carnegie Gallery', 'Modern Art', 15),
    (992, 482743, 'The Ruth and Carl J. Shapiro Gallery', 'Modern American Art', 23),
    (237, 432110, 'The Helen & Leonard Greenwood Gallery', 'The Andrew White Wing', 60),
	(588, 432110, 'The Connor & Marcus Hamilton Gallery', 'The Liam Gough Wing', 93),
	(569, 432110, 'The Clare Thompson Gallery', 'The Liam Gough Wing', 75),
	(104, 432110, 'The George & Irene Briggs Gallery', 'The Liam Gough Wing', 87),
	(194, 482743, 'The Wendy Wood-Foster Gallery', 'The Dr Graham Nelson Wing', 98),
	(969, 482743, 'The Jennifer & Karl Cooke Gallery', 'The Andrea Curtis Wing', 57),
	(768, 482743, 'The Jamie & Lindsey Hyde Gallery', 'The Andrea Curtis Wing', 62),
	(690, 482743, 'The Helen Brown Gallery', 'The Andrea Curtis Wing', 65),
	(949, 482743, 'The Amanda & Raymond Wilson Gallery', 'The Andrea Curtis Wing', 52),
	(175, 443755, 'The Alexander Hughes-O''Connor Gallery', 'The Charlie Webb Wing', 66),
	(192, 443755, 'The Miss Joanna Ward Gallery', 'The Charlie Webb Wing', 61),
	(135, 443755, 'The Karl & Elliott Jones Gallery', 'The Charlie Webb Wing', 80),
	(977, 443755, 'The Henry Sharp-Walker Gallery', 'The Stacey Edwards Wing', 98),
	(998, 443755, 'The Jade & Lynne Dunn Gallery', 'The Stacey Edwards Wing', 98),
	(937, 492860, 'The Rhys Brennan-Saunders Gallery', 'The Marie Smith-Taylor Wing', 76),
	(412, 492860, 'The Gemma & Jessica Brown Gallery', 'The Dale Kennedy Wing', 60),
	(320, 492860, 'The Alan & Caroline Green Gallery', 'The Marie Smith-Taylor Wing', 59),
	(884, 481322, 'The Hilary & Malcolm Johnson Gallery', 'The Dr Jake Evans Wing', 57),
	(599, 481322, 'The Jemma & Catherine Ryan Gallery', 'The Mr Colin Smith Wing', 56),
	(344, 481322, 'The Kayleigh & Marian Townsend Gallery', 'The Dr Jake Evans Wing', 67),
	(820, 481322, 'The Paul Fletcher Gallery', 'The Dr Jake Evans Wing', 81),
	(710, 481322, 'The Abbie Morris-Singh Gallery', 'The Dr Jake Evans Wing', 68),
	(604, 480244, 'The Damian & Kate Wilkinson Gallery', 'The Clive Smith Wing', 72),
	(906, 480244, 'The David Fox-Adams Gallery', 'The Ms Diana Jones Wing', 58),
	(799, 480244, 'The Mohammad & Marc Hyde Gallery', 'The Ms Diana Jones Wing', 79),
	(240, 480244, 'The Natasha & Steven Andrews Gallery', 'The Clive Smith Wing', 54),
	(996, 480244, 'The Sam & Ross Morrison Gallery', 'The Ms Diana Jones Wing', 69),
	(154, 411616, 'The Ellie Richards-Greenwood Gallery', 'The Gerald Harrison-Richardson Wing', 78),
	(400, 411616, 'The Kayleigh McCarthy Gallery', 'The Gerald Harrison-Richardson Wing', 77),
	(919, 411616, 'The Miss Denise Gibbons Gallery', 'The Gerald Harrison-Richardson Wing', 54),
	(279, 400024, 'The Wendy Ross Gallery', 'The Hannah Edwards Wing', 69),
	(902, 400024, 'The Dominic & Bradley Gordon Gallery', 'The Diane Goodwin Wing', 66),
	(371, 400024, 'The Darren & Leslie James Gallery', 'The Hannah Edwards Wing', 92),
	(217, 400024, 'The Gillian & Jake White Gallery', 'The Diane Goodwin Wing', 54),
	(420, 404681, 'The Malcolm Murphy Gallery', 'The Derek Coleman Wing', 68),
	(763, 404681, 'The Ann & Nicholas Weston Gallery', 'The Dr Leigh Taylor Wing', 81),
	(485, 404681, 'The Kieran Shaw-Thomas Gallery', 'The Derek Coleman Wing', 65),
	(473, 404681, 'The Dr Shirley Collins Gallery', 'The Derek Coleman Wing', 72),
	(854, 484166, 'The Abdul Jones-Henderson Gallery', 'The Sam Fletcher Wing', 66),
	(127, 484166, 'The Mathew & Clive Hanson Gallery', 'The Bradley White-Smith Wing', 58),
	(607, 484166, 'The Claire Cook Gallery', 'The Bradley White-Smith Wing', 81),
	(562, 474015, 'The Frederick & Danielle Lamb Gallery', 'The Damian Jones Wing', 88),
	(637, 474015, 'The Jeffrey Edwards Gallery', 'The Damian Jones Wing', 88),
	(579, 474015, 'The Sylvia & Dean Bell Gallery', 'The Terry Conway Wing', 60),
	(984, 422135, 'The Carole Carter Gallery', 'The Victor Dennis Wing', 73),
	(176, 422135, 'The Sam Nicholson Gallery', 'The Victor Dennis Wing', 86),
	(943, 422135, 'The Timothy & Lewis Gray Gallery', 'The Victor Dennis Wing', 52),
	(337, 422135, 'The Patrick & Graham Hussain Gallery', 'The Victor Dennis Wing', 83),
	(471, 422135, 'The Brandon & Harry Whitehead Gallery', 'The Mr Edward Stokes Wing', 70);