USE `Singer-Sargent-Archive`;

INSERT INTO Roles
VALUES (1, 'Archivist'),
       (2, 'Curator'),
       (3, 'Director'),
       (4, 'Ticket Worker'),
       (5, 'Janitorial Staff'),
       (6, 'Tour Guide');

INSERT INTO MuseumWorker
VALUES (3324, 'Veronica-Elizabeth', NULL, 'Hawthorne', 'v.hawthorne@metmuseum.org', '(934)-333-2984', 1),
    (3326, 'Watney', 'Alex', 'Busch', 'w.busch@metmuseum.org', '(847)-049-1192', 2),
    (3327, 'Marshal', NULL, 'Jacobson', 'm.jacobson@metmuseum.org', '(209)-849-2811', 3),
    (3328, 'Irmtraud', 'Janette', 'Steckel', 'janett.irmtra.steckel417@metmuseum.org', '+49 (0) 9414 364638', 1),
	(3329, 'Klaus-Michael', NULL, 'Heinz', 'heinz.klaus-michael@metmuseum.org', '+49(0)8137109787', 3),
	(3330, 'Karl Heinz', 'Hans-Jörg', 'Hendriks', 'karl .hans.hendrik88@metmuseum.org', '0280276514', 1),
	(3331, 'Jacek', NULL, 'Lachmann', 'ja.lachmann@metmuseum.org', '04327866867', 1),
	(3332, 'Katharine', 'Nadeschda', 'Girschner', 'nadeschd.kath.girschner954@metmuseum.org', '0977162332', 3),
	(3333, 'Kevin', NULL, 'Bohnbach', 'kevi.bohnbac619@metmuseum.org', '07650338642', 6),
	(3334, 'Emil', NULL, 'Löffler', 'löffler@metmuseum.org', '(03412) 08339', 5),
	(3335, 'Willibald', 'Wieland', 'Gierschner', 'giersch.willi@metmuseum.org', '02960 36670', 5),
	(3336, 'Sophie', 'Annelie', 'Speer', 'speer.annelie@metmuseum.org', '03315399228', 1),
	(3337, 'George', 'Siegward', 'Jessel', 'jessel.siegwa.george@metmuseum.org', '(08540) 73554', 6),
	(3338, 'Tilly', 'Isolde', 'Wohlgemut', 'isol.wohlg@metmuseum.org', '09467 86947', 5),
	(3339, 'Edward', 'Jobst', 'Losekann', 'jobst.edwa.losekan961@metmuseum.org', '+49(0)1950 43292', 1),
	(3340, 'Theresa', 'Amalie', 'Krebs', 'krebs.the.amalie760@metmuseum.org', '05650751090', 3),
	(3341, 'Caterina', 'Cathrin', 'Junken', 'cate.junke.cathri@metmuseum.org', '+49(0)0039692375', 2),
	(3342, 'Bastian', 'Lukas', 'Thanel', 'bastian.lukas.than512@metmuseum.org', '(07491) 591625', 3),
	(3343, 'Krystyna', 'Louise', 'Huhn', 'krystyna.louis.huhn@metmuseum.org', '+49(0)0050931729', 1),
	(3344, 'Antonie', 'Birgitt', 'Gehringer', 'bir.antonie@metmuseum.org', '(03158) 58776', 1),
	(3345, 'Sigurd', NULL, 'Kallert', 'sigurd.kallert620@metmuseum.org', '(02691) 403608', 6),
	(3346, 'Karl-Josef', NULL, 'Süßebier', 'karl-josef.süßebie@metmuseum.org', '+49(0)7869519514', 3),
	(3347, 'Ullrich', NULL, 'Liebelt', 'lie.ullric483@metmuseum.org', '+49(0) 444900679', 3),
	(3348, 'Jo', 'Irmtraud', 'Weinhage', 'jo.weinhag.irmtraud202@metmuseum.org', '07698 92218', 3),
	(3349, 'Nancy', 'Marianne', 'Ritter', 'nanc.marianne.ritter@metmuseum.org', '+49(0) 324420333', 2),
	(3350, 'Fabienne', 'Sinaida', 'Schaaf', 'fabi.schaaf@metmuseum.org', '(06792) 297426', 1),
	(3351, 'Leyla', 'Klaudia', 'Heidrich', 'kla.heidrich@metmuseum.org', '(00748) 402345', 5),
	(3352, 'Eckehard', NULL, 'Pechel', 'ecke.peche@metmuseum.org', '+49(0)5071 89655', 5),
	(3353, 'Maria-Luise', 'Evelyne', 'Hornich', 'evelyne.hornich.maria-lu@metmuseum.org', '07634 772330', 4),
	(3354, 'Annemie', 'Gudula', 'Schomber', 'annemie.gudu@metmuseum.org', '06100 84098', 3),
	(3355, 'Vinko', 'Sami', 'Bonbach', 'sam.bonbach.vinko@metmuseum.org', '+49 (0) 2506 102944', 3),
	(3356, 'Rosi', 'Paula', 'Mälzer', 'mälz.paula.ros@metmuseum.org', '06677 648802', 2),
	(3357, 'Arzu', 'Adriane', 'Reinhardt', 'adriane.arzu.reinhardt@metmuseum.org', '+49(0)4500 59476', 1),
	(3358, 'Aribert', 'Daniel', 'Sölzer', 'sölze.daniel@metmuseum.org', '(05256) 91834', 1),
	(3359, 'Heinz-Jürgen', NULL, 'Girschner', 'heinz-jürgen@metmuseum.org', '+49(0)9187 44055', 4),
	(3360, 'Mohammad', 'Birger', 'Schleich', 'mohammad.schleic.birger@metmuseum.org', '07796 132846', 1),
	(3361, 'Notburga', NULL, 'Lindner', 'lindner@metmuseum.org', '(01291) 63279', 1);

INSERT INTO MuseumBranch
VALUES (432110, 'The Metropolitan Museum of Art', 'Whitney', NULL, 'Tannhauser', '(443)-183-0293', 'tannhauser.whitney@gmail.com','1000 5th Ave', 'New York', '10028'),
    (482743, 'The Museum of Fine Art', 'Pierre', 'Valjean', 'Terjanian', '(938)-338-0119', 'p.terjanian@outlook.com','465 Huntington Ave', 'Boston', '02115'),
    (443755, 'The Lesley James Art Museum', 'Deborah', NULL, 'Martin', '(0114) 496 0020', 'deb.martin@outlook.com', '418 Mathew River', 'West Frances', 'ME4 2TN'),
    (492860, 'The Dr Adam Ryan Galleries', 'Nicola', 'Charlene', 'Wall', '+442074960906', 'charlen.nicola.wa@hotmail.com', 'Flat 59S Guy Valley', 'Johnsonmouth', 'M7 5UL'),
    (481322, 'The Rita Allen Museum of Fine Art', 'Christopher', NULL, 'Martin', '(028)9018289', 'christopher.mart@gmail.com', '46 Catherine Row', 'West Alan', 'G60 2AF'),
    (480244, 'The Mr Brian Knight Museum of Fine Art', 'Barry', NULL, 'Black', '01632 960757', 'bl.bar877@gmail.com', '96 Sylvia Valleys', 'Port Francisland', 'B4 8GF'),
    (411616, 'The East Lorrainefort Galleries', 'Terence', 'Malcolm', 'Henderson', '+4420 74960079', 'malco.terence@outlook.com', '81 Clifford Village', 'East Lorrainefort', 'CA1P 2WL'),
    (400024, 'The New Russell Museum of Fine Art', 'Jasmine', NULL, 'Smith', '+441154960299', 'smith.jas@hotmail.co.uk', 'Flat 62h Green Station', 'New Russell', 'E4 3XQ'),
    (404681, 'The North Leonmouth Art Museum', 'Rachel', 'Abbie', 'Johnson', '+44(0)289018066', 'abbie.johnson.rachel@yahoo.co.uk', '42 Lawrence Trafficway', 'North Leonmouth', 'E7K 0HG'),
    (484166, 'The North Colinburgh Art Museum', 'Benjamin', 'Alex', 'Taylor', '+44(0)151 4960421', 'benjamin.al.tayl@hotmail.com', '67 Cooper Land', 'North Colinburgh', 'W5 0JJ'),
    (474015, 'South Lynnebury''s Collection', 'Heather', NULL, 'Dyer', '+44(0)289018088', 'heather.dyer489@yahoo.co.uk', '31 Dean Oval', 'South Lynnebury', 'SA1P 1BQ'),
    (422135, 'The Dr Abigail Mann Institute for the Arts', 'Michelle', NULL, 'Warner', '+44(0)8081570703', 'mich@hotmail.com', 'Studio 53m Hughes Flats', 'Evansland', 'LE49 7TX');

INSERT INTO Galleries
VALUES (324, 432110, 'The Maria V. Hyacinth Gallery', 'The American Wing', 40),
    (472, 432110, 'The R. E. Carnegie Gallery', 'Modern Art', 15),
    (992, 482743, 'The Ruth and Carl J. Shapiro Gallery', 'Modern American Art', 23),
    (419, 432110, 'The Hayley Hutchinson Gallery', 'The Sandra Oliver Wing', 97),
	(177, 432110, 'The Julian James Gallery', 'The Michelle Campbell Wing', 83),
	(986, 432110, 'The Mr Trevor Harding Gallery', 'The Sandra Oliver Wing', 85),
	(100, 482743, 'The Gillian Price Gallery', 'The Glenn Miller Wing', 59),
	(323, 482743, 'The Geraldine Ryan Gallery', 'The Mr Dale White Wing', 59),
	(576, 482743, 'The Mark Green Gallery', 'The Mr Dale White Wing', 55),
	(804, 482743, 'The Marion & Josephine Chadwick Gallery', 'The Glenn Miller Wing', 98),
	(216, 482743, 'The Lawrence & Rachel Norris Gallery', 'The Mr Dale White Wing', 62),
	(609, 443755, 'The Elizabeth & Oliver Allen Gallery', 'The Reece Parkinson Wing', 69),
	(159, 443755, 'The Eileen & Lynda Jackson Gallery', 'The Reece Parkinson Wing', 75),
	(874, 443755, 'The Clive Davis Gallery', 'The Reece Parkinson Wing', 67),
	(755, 443755, 'The Joanna & Fiona Hill Gallery', 'The Mr Bradley Davies Wing', 69),
	(970, 492860, 'The Shane & Molly Holmes Gallery', 'The Dr Roy Mann Wing', 60),
	(373, 492860, 'The Mr Jacob Bartlett Gallery', 'The Dr Jamie Price Wing', 82),
	(535, 492860, 'The Marcus & Kelly Matthews Gallery', 'The Dr Roy Mann Wing', 62),
	(635, 492860, 'The Mr Mohammad Oliver Gallery', 'The Dr Roy Mann Wing', 64),
	(793, 481322, 'The Alice & Joseph Brown Gallery', 'The Dr Justin Potter Wing', 90),
	(584, 481322, 'The Terry Martin Gallery', 'The Dale Dodd Wing', 75),
	(433, 481322, 'The Shannon Gordon Gallery', 'The Dale Dodd Wing', 80),
	(754, 481322, 'The Diana & Francis Payne Gallery', 'The Dale Dodd Wing', 91),
	(447, 481322, 'The Lesley Woodward Gallery', 'The Dr Justin Potter Wing', 52),
	(347, 480244, 'The Abdul & Rosie Wade Gallery', 'The Neil Wright-Bryan Wing', 85),
	(474, 480244, 'The Mr George Swift Gallery', 'The Neil Wright-Bryan Wing', 94),
	(417, 480244, 'The Daniel Adams Gallery', 'The Neil Wright-Bryan Wing', 51),
	(601, 480244, 'The Barry Wood Gallery', 'The Claire Parkes-Taylor Wing', 55),
	(716, 411616, 'The Adam & Sian Thomas Gallery', 'The Joshua Clayton-Gould Wing', 76),
	(660, 411616, 'The Damien Price Gallery', 'The Joshua Clayton-Gould Wing', 92),
	(347, 411616, 'The Rebecca Jones Gallery', 'The Dr Leonard White Wing', 99),
	(259, 411616, 'The Kim & Justin Pearson Gallery', 'The Joshua Clayton-Gould Wing', 57),
	(403, 400024, 'The Frank & Douglas King Gallery', 'The Ms Barbara Thompson Wing', 61),
	(482, 400024, 'The Matthew Begum Gallery', 'The Ms Barbara Thompson Wing', 83),
	(794, 400024, 'The Richard Harrison Gallery', 'The Ms Barbara Thompson Wing', 50),
	(869, 400024, 'The Clifford Roberts Gallery', 'The Mr Luke Green Wing', 96),
	(819, 400024, 'The Dr Ann Gallagher Gallery', 'The Mr Luke Green Wing', 94),
	(245, 404681, 'The Terence & Lindsey Chapman Gallery', 'The Zoe Day Wing', 81),
	(471, 404681, 'The Clifford & Richard Patel Gallery', 'The Paula Daniels Wing', 98),
	(874, 404681, 'The Ms Sandra Hughes Gallery', 'The Paula Daniels Wing', 73),
	(758, 404681, 'The Rebecca Wright Gallery', 'The Paula Daniels Wing', 99),
	(198, 484166, 'The Hayley & Joanna Turner Gallery', 'The Toby Lloyd Wing', 52),
	(879, 484166, 'The Stephen & Reece Mason Gallery', 'The Toby Lloyd Wing', 90),
	(359, 484166, 'The Yvonne Nicholson Gallery', 'The Mr Shane Hayes Wing', 62),
	(822, 484166, 'The Declan & Pamela White Gallery', 'The Toby Lloyd Wing', 84),
	(404, 474015, 'The Dennis & Elizabeth Bell Gallery', 'The Deborah Wood Wing', 84),
	(667, 474015, 'The Alison & Charlie Chambers Gallery', 'The Deborah Wood Wing', 56),
	(375, 474015, 'The Guy & Lorraine Elliott Gallery', 'The Deborah Wood Wing', 57),
	(605, 474015, 'The Aaron Matthews Gallery', 'The Dr Russell Johnson Wing', 59),
	(687, 474015, 'The Abigail & Josephine Davies Gallery', 'The Dr Russell Johnson Wing', 92),
	(766, 422135, 'The Christian & Kirsty Bailey Gallery', 'The Mr Jonathan Walker Wing', 72),
	(392, 422135, 'The Nicholas & Conor Horton Gallery', 'The Maurice White-Glover Wing', 66),
	(707, 422135, 'The Bradley Nicholson Gallery', 'The Maurice White-Glover Wing', 75);

INSERT INTO Exhibits
VALUES (823, 992, 482743, 'Portraits of Sargent', 'The MFA''s treasured collection of Sargent Portraits. We hold the world''s most complete collection of Sargent''s works, including some of his most famous!','1973-01-22', NULL),
    (293, 324, 432110, 'Curator Highlight: Watney Busch','Our museum''s head curator, Watney Busch, has prepared an exhibit with their favourite pieces for your viewing pleasure','2025-05-01', '2026-05-01'),
    (703, 766, 422135, 'Leonardo da Vinci and Their Works', 'Leonardo di ser Piero da Vinci was an Italian poly...', '2027-3-14', '2032-10-15'),
	(705, 804, 482743, 'Vincent van Gogh and Their Works', 'Vincent Willem van Gogh was a Dutch Post-Impressio...', '2031-11-20', '2036-8-13'),
	(707, 584, 481322, 'Pablo Picasso and Their Works', 'Pablo Ruiz Picasso was a Spanish painter, sculptor...', '2031-2-19', '2032-12-19'),
	(709, 879, 484166, 'Claude Monet: Biography Through Art', 'Oscar-Claude Monet was a French painter and founde...', '2029-11-17', NULL),
	(711, 660, 411616, 'Michelangelo Buonarroti: A Review', 'Michelangelo di Lodovico Buonarroti Simoni, known ...', '2027-10-13', '2028-8-24'),
	(713, 177, 432110, 'Rembrandt van Rijn and Their Works', 'Rembrandt Harmenszoon van Rijn was a Dutch Golden ...', '2031-3-12', '2034-9-9'),
	(715, 605, 474015, 'Johannes Vermeer: Biography Through Art', 'Johannes Vermeer was a Dutch painter who specializ...', '2029-9-15', NULL),
	(717, 359, 484166, 'Salvador Dalí: A Review', 'Salvador Domingo Felipe Jacinto Dalí i Domènech, M...', '2030-5-18', '2033-10-13'),
	(719, 216, 482743, 'The Frida Kahlo Collection', 'Magdalena Carmen Frida Kahlo y Calderón was a Mexi...', '2030-6-4', '2031-2-2'),
	(721, 986, 432110, 'A selection of Andy Warhols', 'Andy Warhol was an American artist and filmmaker. ...', '2027-1-28', '2030-1-12'),
	(723, 403, 400024, 'Georgia O''Keeffe: A Review', 'Georgia Totto O''Keeffe was an American modernist ...', '2030-2-12', NULL),
	(725, 419, 432110, 'A selection of Gustav Klimts', 'Gustav Klimt was an Austrian symbolist painter and...', '2027-11-9', '2029-11-27'),
	(727, 716, 411616, 'Edvard Munch: A Review', 'Edvard Munch was a Norwegian painter. His 1893 wor...', '2031-11-4', NULL),
	(729, 874, 404681, 'A selection of Henri Matisses', 'Henri Émile Benoît Matisse was a French visual art...', '2031-7-9', NULL),
	(731, 323, 482743, 'Best of Jackson Pollock', 'Paul Jackson Pollock was an American painter. A ma...', '2029-5-28', NULL),
	(733, 707, 422135, 'Auguste Rodin: Biography Through Art', 'François Auguste René Rodin was a French sculptor ...', '2029-12-3', '2033-5-9'),
	(735, 535, 492860, 'Artemisia Gentileschi and Their Works', 'Artemisia Lomi Gentileschi was an Italian Baroque ...', '2031-12-20', NULL),
	(737, 474, 480244, 'The Katsushika Hokusai Collection', 'Katsushika Hokusai  was a Japanese ukiyo-e artist ...', '2029-10-3', '2033-4-12'),
	(739, 576, 482743, 'Pierre-Auguste Renoir: Biography Through Art', 'Pierre-Auguste Renoir was a French artist who was ...', '2028-10-9', '2031-8-10'),
	(741, 198, 484166, 'John Singer Sargent: A Review', 'John Singer Sargent was an American expatriate art...', '2030-11-14', '2034-9-25'),
	(743, 822, 484166, 'Best of Thomas Cole', 'Thomas Cole was an Anglo-American artist who found...', '2027-9-10', '2032-3-17');

INSERT INTO Donors
VALUES (449381, 'The Elizabeth Bennet Foundation for the Arts', 'jane.au@EBFA.org','Ms', 'Jane', NULL, 'Austen','Winchester Rd', 'Chawton', 'GU34 1SD'),
    (938292, 'Blue Hill Conservation Society', 'hu.eric@BHCS.org','Dr', 'Eric', 'John', 'Hu','34 Warren St.', 'Chicago', '60606'),
    (910714, 'The Dr Carr Conservation Society', 'carr.benjamin333@TDCCS.org', 'Dr', 'Benjamin', NULL, 'Carr', 'Flat 25x Baldwin Lodge', 'North Vanessa', 'B9 2WA'),
    (108593, 'The Dr West Conservation Group', 'west.charlie68@TDWCG.org', 'Dr', 'Charlie', NULL, 'West', 'Studio 7 Willis Passage', 'Mossmouth', 'L08 0SX'),
    (464137, 'The Dr Phillips Foundation', 'hug@TDPF.org', 'Dr', 'Hugh', NULL, 'Phillips', 'Studio 3 Stanley Meadow', 'East John', 'N8G 3LS'),
    (852822, 'Mohammed Robinson''s Conservation Group', 'robi@MRCG.org', 'Dr', 'Mohammed', NULL, 'Robinson', 'Studio 2 White Common', 'West Amyberg', 'NW8R 1GS'),
    (807697, 'Max Williams''s Grant', 'max.don@MWG.org', 'Dr', 'Max', 'Donald', 'Williams', '0 Brown Spur', 'South Davidchester', 'E6 3QW'),
    (972079, 'Wayneburgh''s Committee', 'ad.jone.malco@WC.org', 'Dr', 'Adam', 'Malcolm', 'Jones', '247 Morgan Green', 'Wayneburgh', 'HX4 3QX'),
    (892808, 'Ronald Cooper''s Estate', 'cooper@RCE.org', 'Dr', 'Ronald', NULL, 'Cooper', 'Flat 4 Ronald Curve', 'Dominicmouth', 'M7 4JD'),
    (221161, 'Tom Smith''s Conservation Society', 'tom.smith46@TSCS.org', 'Mr', 'Tom', NULL, 'Smith', 'Studio 7 Ellis Falls', 'New Lewis', 'TR3 0GP'),
    (831347, 'South Russellmouth''s Foundation', 'shannon.war682@SRF.org', 'Dr', 'Shannon', NULL, 'Ward', 'Flat 58z Booth Canyon', 'South Russellmouth', 'WA5 3TX'),
    (398805, 'Gerardfurt''s Collective for the Arts', 'donnel@GCftA.org', 'Dr', 'Tracy', NULL, 'Donnelly', 'Studio 08 Ben Ford', 'Gerardfurt', 'L39 8HB'),
    (521869, 'Robertville''s Art Group', 'le.cooper728@RAG.org', 'Dr', 'Leon', NULL, 'Cooper', '627 Grant Islands', 'Robertville', 'HP2 6YL'),
    (669876, 'Jenna Wheeler''s Estate', 'wheeler@JWE.org', 'Ms', 'Jenna', NULL, 'Wheeler', 'Flat 72 Christopher Vista', 'New Craig', 'BB68 3TU'),
    (591448, 'The Ms Hughes Conservation Society', 'stacey.marga@TMHCS.org', 'Ms', 'Margaret', 'Stacey', 'Hughes', '109 Nicola Ranch', 'North Charlotte', 'L10 9DT'),
    (147787, 'West Hazel''s Collective for the Arts', 'vaughan193@WHCftA.org', 'Dr', 'Mohammed', NULL, 'Vaughan', '16 Barry Inlet', 'West Hazel', 'EC1 0UA'),
    (418078, 'The Ms Stokes Historical Society', 'gillia.iren.stokes@TMSHS.org', 'Ms', 'Irene', 'Gillian', 'Stokes', '19 Mark Island', 'South Patrickborough', 'TF2W 2UH'),
    (235932, 'The Dr Edwards Foundation', 'christine.edwar.bre@TDEF.org', 'Dr', 'Brenda', 'Christine', 'Edwards', 'Studio 22n Zoe Shores', 'Deborahland', 'G92 6ZT'),
    (983659, 'The Port Malcolm Fund', 'sophie.green@TPMF.org', 'Mrs', 'Sophie', NULL, 'Green', 'Flat 03 Matthew Mountains', 'Port Malcolm', 'DH5B 4HE'),
    (269977, 'The Mrs Peters Art Group', 'kel@TMPAG.org', 'Mrs', 'Kelly', NULL, 'Peters', 'Flat 21y Holloway Spur', 'Lake Michaelport', 'M2 5NS'),
    (459492, 'The East Marianfort Estate', 'carr366@TEME.org', 'Mr', 'Donald', NULL, 'Carr', 'Studio 6 Teresa Cliffs', 'East Marianfort', 'SN34 0TN'),
    (928904, 'Julian Power''s Grant', 'julia.power136@JPG.org', 'Mr', 'Julian', NULL, 'Power', 'Studio 55W Nicholson Rapid', 'New Clare', 'E0 8DD'),
    (194024, 'Abigail Oliver''s Fund', 'abigail.oliver71@AOF.org', 'Mrs', 'Abigail', NULL, 'Oliver', '436 Geraldine Freeway', 'Dalemouth', 'LE13 9PL'),
    (950386, 'The East Tracey Collective for the Arts', 'margaret410@TETCftA.org', 'Mrs', 'Margaret', NULL, 'Winter', 'Flat 23 Vincent Ports', 'East Tracey', 'GL4Y 5NX'),
    (161592, 'Danny Brooks''s Estate', 'bro.abdul.danny@DBE.org', 'Mr', 'Danny', 'Abdul', 'Brooks', '90 Brandon Ways', 'Kellybury', 'W8 8ED'),
    (538036, 'The Ms Marshall Fund', 'marshall.trace.margaret164@TMMF.org', 'Ms', 'Margaret', 'Tracey', 'Marshall', '9 Rita Stream', 'Wendyfort', 'SN9 6RG'),
    (429644, 'Barlowtown''s Grant', 'elliot.wilkinso.geral@BG.org', 'Dr', 'Gerald', 'Elliot', 'Wilkinson', 'Flat 7 Stacey Ridge', 'Barlowtown', 'G81 3YA'),
    (438042, 'Lake Annview''s Estate', 'palmer@LAE.org', 'Ms', 'Amy', NULL, 'Palmer', 'Studio 02 Jamie Valleys', 'Lake Annview', 'N0 0ST'),
    (991744, 'Parryfort''s Committee', 'park.martyn.harry@PC.org', 'Mr', 'Harry', 'Martyn', 'Parkes', 'Flat 77e Smith Plains', 'Parryfort', 'DG4 9WL'),
    (857679, 'The Taylorchester Art Group', 'le.hart59@TTAG.org', 'Dr', 'Lee', 'Arthur', 'Hart', '565 Newton Courts', 'Taylorchester', 'E28 8TR'),
    (662385, 'June Howarth''s Foundation', 'howarth.june.beth304@JHF.org', 'Dr', 'June', 'Bethan', 'Howarth', 'Studio 62z Lee Common', 'Claireville', 'N0S 5UF'),
    (290946, 'New Sheila''s Grant', 'tay@NSG.org', 'Mr', 'Jamie', NULL, 'Taylor', '6 Palmer Estates', 'New Sheila', 'M2 2DN');

INSERT INTO Artist
VALUES (349, 'Leonardo', 'di ser Piero', 'da Vinci', 'Leonardo di ser Piero da Vinci was an Italian polymath of the High Renaissance who was active as a painter, draughtsman, engineer, scientist, theorist, sculptor, and architect. While his fame initially rested on his achievements as a painter, he has also become known for his notebooks, in which he made drawings and notes on a variety of subjects, including anatomy, astronomy, botany, cartography, painting, and palaeontology. Leonardo is widely regarded as a genius who epitomised the Renaissance humanist ideal, and his collective works contributed to the development of European art to an extent rivalled only by that of his younger contemporary Michelangelo.'),
	(350, 'Vincent', 'Willem', 'van Gogh', 'Vincent Willem van Gogh was a Dutch Post-Impressionist painter who is among the most famous and influential figures in the history of Western art. In just over a decade, he created approximately 2,100 artworks, including around 860 oil paintings, most of them in the last two years of his life. His oeuvre includes landscapes, still lifes, portraits, and self-portraits, most of which are characterised by bold colours and dramatic brushwork that contributed to the rise of expressionism in modern art. Van Gogh''s work was only beginning to gain critical attention before his death from suicide at age 37. During his lifetime Van Gogh only sold a few paintings, the most famous being The Red Vineyard.'),
	(351, 'Pablo', 'Ruiz', 'Picasso', 'Pablo Ruiz Picasso was a Spanish painter, sculptor, printmaker, ceramicist, and theatre designer who spent most of his adult life in France. One of the most influential artists of the 20th century, he is known for co-founding the Cubist movement, the invention of constructed sculpture, the co-invention of collage, and for the wide variety of styles that he helped develop and explore. Among his most famous works are the proto-Cubist Les Demoiselles d''Avignon (1907) and the anti-war painting Guernica (1937), a dramatic portrayal of the bombing of Guernica by German and Italian air forces during the Spanish Civil War. His career spanned more than 76 years, from his late teens to his death in 1973.'),
	(352, 'Claude', NULL, 'Monet', 'Oscar-Claude Monet was a French painter and founder of Impressionism who is seen as a key precursor to modernism, especially in his attempts to paint nature as he perceived it. During his long career, he was the most consistent and prolific practitioner of Impressionism''s philosophy of expressing one''s perceptions of nature, especially as applied to plein air (outdoor) landscape painting. The term "Impressionism" is derived from the title of his painting Impression, Sunrise, which was exhibited in 1874 at the First Impressionist Exhibition, initiated by Monet and a number of like-minded artists as an alternative to the Salon.'),
	(353, 'Michelangelo', 'di Lodovico', 'Buonarroti', 'Michelangelo di Lodovico Buonarroti Simoni, known mononymously as Michelangelo, was an Italian sculptor, painter, architect, and poet of the High Renaissance. He was born in the Republic of Florence but was mostly active in Rome from his 30s onwards. His work was inspired by models from classical antiquity and had a lasting influence on Western art. Michelangelo''s creative abilities and mastery in a range of artistic arenas define him as an archetypal Renaissance man, along with his rival and elder contemporary, Leonardo da Vinci. Given the sheer volume of surviving correspondence, sketches, and reminiscences, Michelangelo is one of the best-documented artists of the 16th century. He was lauded by contemporary biographers as the most accomplished artist of his era.'),
	(354, 'Rembrandt', 'Harmenszoon', 'van Rijn', 'Rembrandt Harmenszoon van Rijn was a Dutch Golden Age painter, printmaker, and draughtsman. He is generally considered one of the greatest visual artists in the history of Western art. It is estimated that Rembrandt''s surviving works amount to about three hundred paintings, three hundred etchings, and several hundred drawings.'),
	(355, 'Johannes', NULL, 'Vermeer', 'Johannes Vermeer was a Dutch painter who specialized in domestic interior scenes of middle-class life. He is considered one of the greatest painters of the Dutch Golden Age. During his lifetime, he was a moderately successful provincial genre painter, recognized in Delft and The Hague. He produced relatively few paintings, primarily earning his living as an art dealer. He was not wealthy; at his death, his wife was left in debt.'),
	(356, 'Salvador', 'Domingo Felipe Jacinto', 'Dalí', 'Salvador Domingo Felipe Jacinto Dalí i Domènech, Marquess of Dalí de Púbol, known as Salvador Dalí, was a Spanish surrealist artist renowned for his technical skill, precise draftsmanship, and the striking and bizarre images in his work.'),
	(357, 'Frida', NULL, 'Kahlo', 'Magdalena Carmen Frida Kahlo y Calderón was a Mexican painter known for her many portraits, self-portraits, and works inspired by the nature and artifacts of Mexico. Inspired by the country''s popular culture, she employed a naïve folk art style to explore questions of identity, postcolonialism, gender, class, and race in Mexican society. Her paintings often had strong autobiographical elements and mixed realism with fantasy. In addition to belonging to the post-revolutionary Mexicayotl movement, which sought to define a Mexican identity, Kahlo has been described as a surrealist or magical realist. She is also known for painting about her experience of chronic pain. Her 1940 self-portrait titled The Dream  holds the record for the most expensive work by a female artist ever auctioned at $54.7 million.'),
	(358, 'Andy', NULL, 'Warhol', 'Andy Warhol was an American artist and filmmaker. Widely regarded as the most important artist of the second half of the 20th century, Warhol''s work spanned various media, including painting, filmmaking, photography, publishing, and performance art. A leading figure in the pop art movement, his work explores the relationship between advertising, consumerism, mass media, and celebrity culture, transforming everyday consumer goods and familiar icons into renowned artworks. His embrace of mechanical reproduction challenged traditional boundaries between high and low culture. He is also credited with popularizing the expression "15 minutes of fame."'),
	(359, 'Georgia', 'Totto', 'O''Keeffe', 'Georgia Totto O''Keeffe was an American modernist painter and draftswoman whose career spanned seven decades and whose work remained largely independent of major art movements. Called the "Mother of American modernism", O''Keeffe gained international recognition for her paintings of natural forms, particularly flowers, hills and desert-inspired landscapes, which were often drawn from and related to places and environments in which she lived.'),
	(360, 'Gustav', NULL, 'Klimt', 'Gustav Klimt was an Austrian symbolist painter and a founding member of the Vienna Secession movement. His work helped define the Art Nouveau style in Europe. Klimt is known for his paintings, murals, sketches, and other objets d''art. Klimt''s primary subject was the female body, and his works are marked by a frank eroticism. Amongst his figurative works, which include allegories and portraits, he painted landscapes. He is best known for The Kiss and Portrait of Adele Bloch-Bauer I. Among the artists of the Vienna Secession, Klimt was the most influenced by Japanese art and its methods.'),
	(361, 'Edvard', NULL, 'Munch', 'Edvard Munch was a Norwegian painter. His 1893 work The Scream has become one of the most iconic and acclaimed images in all of Western art.'),
	(362, 'Henri', 'Émile Benoît', 'Matisse', 'Henri Émile Benoît Matisse was a French visual artist, known for both his use of colour and his fluid and original draughtsmanship. He was a draughtsman, printmaker, and sculptor, but is known primarily as a painter.'),
	(363, 'Jackson', NULL, 'Pollock', 'Paul Jackson Pollock was an American painter. A major figure in the abstract expressionist movement, he was widely noticed for his "drip technique" of pouring or splashing liquid household paint onto a horizontal surface, enabling him to view and paint his canvases from all angles. It was called all-over painting and action painting, because Pollock covered the entire canvas and used the force of his whole body to paint, often in a frenetic dancing style. This extreme form of abstraction divided critics: some praised the immediacy of the creation, while others derided the random effects.'),
	(364, 'Auguste', NULL, 'Rodin', 'François Auguste René Rodin was a French sculptor generally considered the founder of modern sculpture. He was schooled traditionally and took a craftsman-like approach to his work. Rodin possessed a unique ability to model a complex, turbulent, and deeply pocketed surface in clay. He is known for such sculptures as The Thinker, Monument to Balzac, The Kiss, The Burghers of Calais, and The Gates of Hell.'),
	(365, 'Artemisia', 'Lomi', 'Gentileschi', 'Artemisia Lomi Gentileschi was an Italian Baroque painter. Gentileschi is considered among the most accomplished 17th-century artists, initially working in the style of Caravaggio. She was producing professional work by the age of 15. In an era when women had few opportunities to pursue artistic training or work as professional artists, Gentileschi was the first woman to become a member of the Accademia di Arte del Disegno in Florence and she had an international clientele. Gentileschi worked as an expatriate painter in the court of Charles I of England from 1638 to 1642, but she is thought to have fled the country in the early phases of the English Civil War. Her whereabouts over the following years are unknown, but she resurfaced in Naples during 1649. Her last known letter to one of her mentors was dated to 1650 and it indicates that she was still working as an artist. Her time of death is disputed, but her last known commission was in January 1654.'),
	(366, 'Katsushika', NULL, 'Hokusai', 'Katsushika Hokusai  was a Japanese ukiyo-e artist of the Edo period, active as a painter and printmaker. His woodblock print series Thirty-Six Views of Mount Fuji includes the iconic print The Great Wave off Kanagawa. Hokusai was instrumental in developing ukiyo-e from a style of portraiture largely focused on courtesans and actors into a much broader style of art that focused on landscapes, plants, and animals. His works had a significant influence on Vincent van Gogh and Claude Monet during the wave of Japonisme that spread across Europe in the late 19th century.'),
	(367, 'Pierre-Auguste', NULL, 'Renoir', 'Pierre-Auguste Renoir was a French artist who was a leading painter in the development of the Impressionist style. It has been said that, as a celebrator of beauty and especially feminine sensuality, "Renoir is the final representative of a tradition which runs directly from Rubens to Watteau."'),
	(368, 'John', 'Singer', 'Sargent', 'John Singer Sargent was an American expatriate artist, considered the "leading portrait painter of his generation" for his evocations of Belle Époque and Edwardian-era luxury. He created roughly 900 oil paintings and more than 2,000 watercolors, as well as countless sketches and charcoal drawings. His oeuvre documents worldwide travel, from Venice to the Tyrol, Corfu, Capri, Spain, the Middle East, Montana, Maine, and Florida.'),
	(369, 'Thomas', NULL, 'Cole', 'Thomas Cole was an Anglo-American artist who founded the Hudson River School art movement. He painted romantic landscapes and history paintings. Influenced by European painters, but with a strong American sensibility, he was prolific throughout his career and worked primarily with oil on canvas. His paintings are typically allegoric and often depict small figures or structures set against moody and evocative natural landscapes. They are usually escapist, framing the New World as a natural eden contrasting with the smog-filled cityscapes of Industrial Revolution-era Britain, in which he grew up. His works, often seen as conservative, criticize the contemporary trends of industrialism, urbanism, and westward expansion.');

INSERT INTO ArtifactSet
VALUES (877, 'Daughters of Edward Darley Boit & Vases', 'One of Sargent''s most compositionally interesting works, and the vases it features'),
        (882, 'Marilyn Diptychs', 'The museum''s entire collection of Marilyn Diptychs (currently 0, but a girl can dream (The girl is me, Victoria-Elizabeth))'),
        (349, 'Leonardo da Vinci', 'A collection of Leonardo da Vinci''s work'),
        (350, 'Vincent van Gogh', 'A collection of Vincent van Gogh''s work'),
        (351, 'Pablo Picasso', 'A collection of Pablo Picasso''s work'),
        (352, 'Claude Monet', 'A collection of Claude Monet''s work'),
        (353, 'Michelangelo Buonarroti', 'A collection of Michelangelo Buonarroti''s work'),
        (354, 'Rembrandt van Rijn', 'A collection of Rembrandt van Rijn''s work'),
        (355, 'Johannes Vermeer', 'A collection of Johannes Vermeer''s work'),
        (356, 'Salvador Dalí', 'A collection of Salvador Dalí''s work'),
        (357, 'Frida Kahlo', 'A collection of Frida Kahlo''s work'),
        (358, 'Andy Warhol', 'A collection of Andy Warhol''s work'),
        (359, 'Georgia O''Keeffe', 'A collection of Georgia O''Keeffe''s work'),
        (360, 'Gustav Klimt', 'A collection of Gustav Klimt''s work'),
        (361, 'Edvard Munch', 'A collection of Edvard Munch''s work'),
        (362, 'Henri Matisse', 'A collection of Henri Matisse''s work'),
        (363, 'Jackson Pollock', 'A collection of Jackson Pollock''s work'),
        (364, 'Auguste Rodin', 'A collection of Auguste Rodin''s work'),
        (365, 'Artemisia Gentileschi', 'A collection of Artemisia Gentileschi''s work'),
        (366, 'Katsushika Hokusai', 'A collection of Katsushika Hokusai''s work'),
        (367, 'Pierre-Auguste Renoir', 'A collection of Pierre-Auguste Renoir''s work'),
        (368, 'John Singer Sargent', 'A collection of John Singer Sargent''s work'),
        (369, 'Thomas Cole', 'A collection of Thomas Cole''s work');